id_avp,libelle_poste,rome_code_libelle,rome_code,numero_avp,date_mise_en_ligne,nom_collectivite_entreprise,libelle_corps_grade,date_poste_a_pourvoir,libelle_direction_entreprise,acronyme_entreprise,lieu_exercice_travail,date_cloture_avp,missions_emploi,contact_email,url_pdf_avp
55995,MEDECIN-OUEGOA,,,24-0083,2025-01-16,Province Nord,médecin de santé publique,,Province Nord,PVN,,2025-05-15,,,https://data.gouv.nc/api/explore/v2.1/catalog/datasets/avis-de-vacances-de-poste-avp-drhfpnc/files/82f1ff954a7c3ed3b3c3e24988e7a8da
55998,MEDECIN-POUM,,,25-0086,2025-01-16,Province Nord,médecin de santé publique,,Province Nord,PVN,,2025-05-15,,,https://data.gouv.nc/api/explore/v2.1/catalog/datasets/avis-de-vacances-de-poste-avp-drhfpnc/files/1d6553b67eec9063fd5f408d41c3ef98
56016,MEDECIN-KOUAOUA,,,25-0104,2025-01-16,Province Nord,médecin de santé publique,,Province Nord,PVN,,2025-05-15,,,https://data.gouv.nc/api/explore/v2.1/catalog/datasets/avis-de-vacances-de-poste-avp-drhfpnc/files/c26bc5c42f01e1bca4a731ff042934d2
56021,MEDECIN-PONERIHOUEN,,,25-0109,2025-01-16,Province Nord,médecin de santé publique,,Province Nord,PVN,,2025-05-15,,,https://data.gouv.nc/api/explore/v2.1/catalog/datasets/avis-de-vacances-de-poste-avp-drhfpnc/files/9fc64727f0ce9cb19fabcc64a1841c6d
55994,MEDECIN-POUEBO,,,25-0082,2025-01-16,Province Nord,médecin de santé publique,,Province Nord,PVN,,2025-05-15,,,https://data.gouv.nc/api/explore/v2.1/catalog/datasets/avis-de-vacances-de-poste-avp-drhfpnc/files/6955655a9d0bf4255834b123e11d634b
55997,MEDECIN-KAALA-GOMEN,,,25-0085,2025-01-16,Province Nord,médecin de santé publique,,Province Nord,PVN,,2025-05-15,,,https://data.gouv.nc/api/explore/v2.1/catalog/datasets/avis-de-vacances-de-poste-avp-drhfpnc/files/7807b72e1da46bba4863d21a9bfcc608
56001,CHIRURGIEN-DENTISTE - Canala,,,25-0089,2025-01-16,Province Nord,chirurgien dentiste,,Province Nord,PVN,,2025-05-15,,,https://data.gouv.nc/api/explore/v2.1/catalog/datasets/avis-de-vacances-de-poste-avp-drhfpnc/files/69f30e27406b440b3294e1b02994cea0
56002,CHIRURGIEN DENTISTE-POUM,,,25-0090,2025-01-16,Province Nord,chirurgien dentiste,,Province Nord,PVN,,2025-05-15,,,https://data.gouv.nc/api/explore/v2.1/catalog/datasets/avis-de-vacances-de-poste-avp-drhfpnc/files/be41e0b8ee461a2c0559847bcdafb165
56000,CHIRURGIEN DENTISTE-OUEGOA,,,25-0088,2025-01-16,Province Nord,chirurgien dentiste,,Province Nord,PVN,,2025-05-15,,,https://data.gouv.nc/api/explore/v2.1/catalog/datasets/avis-de-vacances-de-poste-avp-drhfpnc/files/10cdc5cf94a3c8c2f20073171d9fd043
56007,SAGE-FEMME-OUEGOA.POUEBO.KOUMAC,,,25-0095,2025-01-16,Province Nord,sage femme,,Province Nord,PVN,,2025-05-15,,,https://data.gouv.nc/api/explore/v2.1/catalog/datasets/avis-de-vacances-de-poste-avp-drhfpnc/files/6dfc8b5efed1423538aa7b3bc748bca2
56004,INFIRMIER EN SOINS GENERAUX ITINERANT,,,25-0092,2025-01-16,Province Nord,infirmier diplômé d'État,,Province Nord,PVN,,2025-05-15,,,https://data.gouv.nc/api/explore/v2.1/catalog/datasets/avis-de-vacances-de-poste-avp-drhfpnc/files/e3de80abd849f79548a9e2654b20a367
55985,INFIRMIER EN SOINS GENERAUX - HOUAILOU,,,25-0073,2025-01-16,Province Nord,infirmier en soins généraux,,Province Nord,PVN,,2025-05-15,,,https://data.gouv.nc/api/explore/v2.1/catalog/datasets/avis-de-vacances-de-poste-avp-drhfpnc/files/2b88f488a98b5cca28649f05fa2d4005
55987,INFIRMIER EN SOINS GENERAUX - CANALA,,,25-0075,2025-01-16,Province Nord,infirmier en soins généraux,,Province Nord,PVN,,2025-05-15,,,https://data.gouv.nc/api/explore/v2.1/catalog/datasets/avis-de-vacances-de-poste-avp-drhfpnc/files/0be4079ae5807653d77e896e4d25562d
57131,WEBDESIGNER,,,25-0495,2025-03-27,Province Nord,technicien,,Province Nord,PVN,,2025-05-01,,,https://data.gouv.nc/api/explore/v2.1/catalog/datasets/avis-de-vacances-de-poste-avp-drhfpnc/files/b42039bc3bc6f246238528ad734ffe6f
57595,Directeur(rice) d'internat,,,25-0650,2025-04-24,Province Nord,adjoint d'éducation,,Province Nord,PVN,,2025-05-15,,,https://data.gouv.nc/api/explore/v2.1/catalog/datasets/avis-de-vacances-de-poste-avp-drhfpnc/files/5594fedd2b5cc2150e50017fe7154453
57410,Adjoint d'éducation,,,25-0600,2025-04-10,Province Nord,adjoint d'éducation,,Province Nord,PVN,,2025-05-01,,,https://data.gouv.nc/api/explore/v2.1/catalog/datasets/avis-de-vacances-de-poste-avp-drhfpnc/files/4d971cc90cb81ca8f220e3ecda1b13c5
57487,Chargé d'études juridiques de la commande publique,,,25-0625,2025-04-17,Province Nord,attaché,,Province Nord,PVN,,2025-05-08,,,https://data.gouv.nc/api/explore/v2.1/catalog/datasets/avis-de-vacances-de-poste-avp-drhfpnc/files/3d3f476b03d624311fddfa231eb51482
57594,Conseiller(e) en insertion socioprofessionnelle,,,25-0649,2025-04-24,Province Nord,rédacteur,,Province Nord,PVN,,2025-05-15,,,https://data.gouv.nc/api/explore/v2.1/catalog/datasets/avis-de-vacances-de-poste-avp-drhfpnc/files/b8d9b4059c4f5fc88629d44407f8aea2
57402,Agent patrouilleur,,,25-0594,2025-04-10,Province Sud,ACDP-Grille rémunération 1-Sans diplôme,,Province Sud,PVS,,2025-05-01,,,https://data.gouv.nc/api/explore/v2.1/catalog/datasets/avis-de-vacances-de-poste-avp-drhfpnc/files/575225e9c8bfd67376f649b0980ef1fe
57406,Agent patrouilleur,,,25-0596,2025-04-10,Province Sud,ACDP-Grille rémunération 1-Sans diplôme,,Province Sud,PVS,,2025-05-01,,,https://data.gouv.nc/api/explore/v2.1/catalog/datasets/avis-de-vacances-de-poste-avp-drhfpnc/files/c1391e5ad9be6aee6d2de9461d55c865
57401,Agent patrouilleur,,,25-0593,2025-04-10,Province Sud,ACDP-Grille rémunération 1-Sans diplôme,,Province Sud,PVS,,2025-05-01,,,https://data.gouv.nc/api/explore/v2.1/catalog/datasets/avis-de-vacances-de-poste-avp-drhfpnc/files/e323faf57a6b4ddf5ad976fe2802c798
52303,Médecin itinérant en province Sud,,,24-0985,2024-06-06,Province Sud,médecin de santé publique,,Province Sud,PVS,,2025-05-01,,,https://data.gouv.nc/api/explore/v2.1/catalog/datasets/avis-de-vacances-de-poste-avp-drhfpnc/files/de8724f02041e68076710b1b7e2e2949
53520,Médecin du CMS de Dumbéa sur mer  - UPASS Grande couronne - Agglomération,,,24-1331,2024-08-29,Province Sud,médecin de santé publique,,Province Sud,PVS,,2025-05-01,,,https://data.gouv.nc/api/explore/v2.1/catalog/datasets/avis-de-vacances-de-poste-avp-drhfpnc/files/569e15e2e1ff3278d792c41a24b1449a
53350,Médecin à l'UPASS de La Foa,,,24-1320,2024-08-15,Province Sud,médecin de santé publique,,Province Sud,PVS,,2025-05-08,,,https://data.gouv.nc/api/explore/v2.1/catalog/datasets/avis-de-vacances-de-poste-avp-drhfpnc/files/3d8e6307270e1d63b3835faaf7605820
57532,Gestionnaire comptable spécialisé,,,25-0630,2025-04-17,Province Sud,rédacteur,,Province Sud,PVS,,2025-05-08,,,https://data.gouv.nc/api/explore/v2.1/catalog/datasets/avis-de-vacances-de-poste-avp-drhfpnc/files/c7e467c4d5e0ad1a27eb2b236c4b2257
55003,Assistant(e) social(e) de polyvalence de secteur,,,24-1801,2024-11-21,Province Sud,assistant socio-éducatif,,Province Sud,PVS,,2026-02-06,,,https://data.gouv.nc/api/explore/v2.1/catalog/datasets/avis-de-vacances-de-poste-avp-drhfpnc/files/f487035ee54e880cabe9c2d31b946f9d
56695,Educateur spécialisé ou moniteur éducateur  à la maison de l'enfance de Dumbéa sur Mer,,,25-0358,2025-02-27,Province Sud,assistant socio-éducatif,,Province Sud,PVS,,2025-06-05,,,https://data.gouv.nc/api/explore/v2.1/catalog/datasets/avis-de-vacances-de-poste-avp-drhfpnc/files/9488f8de26157242245fc53db9ece92f
57476,Chargé des affaires juridiques et contentieuses,,,25-0614,2025-04-17,Vice-rectorat,attaché,,Vice-rectorat,VR,,2025-05-08,,,https://data.gouv.nc/api/explore/v2.1/catalog/datasets/avis-de-vacances-de-poste-avp-drhfpnc/files/7df1eed77c8ed2ee0f826374640eea37
57365,Secrétaire de direction,,,25-0573,2025-04-10,Vice-rectorat,adjoint administratif,,Vice-rectorat,VR,,2025-05-01,,,https://data.gouv.nc/api/explore/v2.1/catalog/datasets/avis-de-vacances-de-poste-avp-drhfpnc/files/a04261dc00b6ae07f6c79b01f4433d42
57360,Adjoint(e) au chef de corps (service d'incendie et de secours),,,25-0569,2025-04-10,Ville du Mont-Dore,adjudant,,Ville du Mont-Dore,,,2025-05-01,,,https://data.gouv.nc/api/explore/v2.1/catalog/datasets/avis-de-vacances-de-poste-avp-drhfpnc/files/ca197ae26db7ea1f5fa8c3983c5e28ca
57345,1 Infirmier(ère) au camp Est,,,25-0560,2025-04-10,"Centre hospitalier spécialisé ""Albert Bousquet""",infirmier diplômé d'État,,"Centre hospitalier spécialisé ""Albert Bousquet""",CHS,,2025-05-01,,,https://data.gouv.nc/api/explore/v2.1/catalog/datasets/avis-de-vacances-de-poste-avp-drhfpnc/files/b65cd0c9a70bcc8ebb3179c53764422e
57618,1 Aide-soignant(e) - Néphrologie/ Hémodialyse,,,25-0658,2025-04-24,"Centre hospitalier territorial ""Gaston Bourret""",aide-soignant,,"Centre hospitalier territorial ""Gaston Bourret""",CHT,,2025-05-15,,,https://data.gouv.nc/api/explore/v2.1/catalog/datasets/avis-de-vacances-de-poste-avp-drhfpnc/files/f7c069b8fdf4c56a607ac17e3c89d6df
57368,DDI - Chef de cellule Superviseur - Service soutien,,,25-0575,2025-04-10,Office des postes et télécommunications,contrôleur,,Office des postes et télécommunications,OPT,,2025-05-01,,,https://data.gouv.nc/api/explore/v2.1/catalog/datasets/avis-de-vacances-de-poste-avp-drhfpnc/files/b2388cb0f01adbb0dbe3bb22c9778ea0
57482,DDI - Chargé de contact clientèle - Agence Ducos,,,25-0620,2025-04-17,Office des postes et télécommunications,agent d'exploitation,,Office des postes et télécommunications,OPT,,2025-05-08,,,https://data.gouv.nc/api/explore/v2.1/catalog/datasets/avis-de-vacances-de-poste-avp-drhfpnc/files/b3b7048323a32f9052c6699b3a911d0e
56085,Educateur spécialisé ou moniteur-éducateur  à la maison de l'enfance de Dumbéa-sur-Mer,,,25-0146,2025-01-16,Province Sud,assistant socio-éducatif,,Province Sud,PVS,,2025-05-15,,,https://data.gouv.nc/api/explore/v2.1/catalog/datasets/avis-de-vacances-de-poste-avp-drhfpnc/files/61d1f1d89452496141083d9a6519ce6d
56113,"Educateur spécialisé ou moniteur éducateur,  à la Maison de l'enfance de Dumbéa sur mer",,,25-0150,2025-01-20,Province Sud,assistant socio-éducatif,,Province Sud,PVS,,2025-05-29,,,https://data.gouv.nc/api/explore/v2.1/catalog/datasets/avis-de-vacances-de-poste-avp-drhfpnc/files/de22e8befd2df2f89fecd790413d2084
56084,Educateur spécialisé ou moniteur-éducateur  à la maison de l'enfance de Dumbéa-sur-Mer,,,25-0145,2025-01-16,Province Sud,moniteur socio-éducatif,,Province Sud,PVS,,2025-05-01,,,https://data.gouv.nc/api/explore/v2.1/catalog/datasets/avis-de-vacances-de-poste-avp-drhfpnc/files/b54df93b470ab2cac41d1c40f63f72a9
57362,Agent polyvalent du bureau de la station zootechnique,,,25-0571,2025-04-10,Province Sud,technicien adjoint,,Province Sud,PVS,,2025-05-01,,,https://data.gouv.nc/api/explore/v2.1/catalog/datasets/avis-de-vacances-de-poste-avp-drhfpnc/files/bcba64993efbefc6e9f4e7e654b76901
57480,2 Gardes Champêtres,,,25-0617,2025-04-17,,ACDP-Grille rémunération 1-Sans diplôme,,,,,2025-05-15,,,https://data.gouv.nc/api/explore/v2.1/catalog/datasets/avis-de-vacances-de-poste-avp-drhfpnc/files/771d4d33644e60c7940b4ac69cbb9149
57128,1 acheteur,,,25-0492,2025-03-27,,technicien,,,,,2025-05-08,,,https://data.gouv.nc/api/explore/v2.1/catalog/datasets/avis-de-vacances-de-poste-avp-drhfpnc/files/ab4f3c9caeaaf896e074a85eb7625895
56692,Chef du centre de première intervention d'incendie et de secours,,,25-0356,2025-02-27,,sergent,,,,,2025-05-08,,,https://data.gouv.nc/api/explore/v2.1/catalog/datasets/avis-de-vacances-de-poste-avp-drhfpnc/files/52e458ac4a9d26c06a12b65298d25a04
56896,Magistrat-e,,,25-0441,2025-03-13,,attaché,,,,,2025-04-29,,,https://data.gouv.nc/api/explore/v2.1/catalog/datasets/avis-de-vacances-de-poste-avp-drhfpnc/files/47aa2efbecd8965d42b66cfab21e66bc
57335,RÉGISSEUR ADJOINT,,,25-0551,2025-04-10,,rédacteur,,,,,2025-05-01,,,https://data.gouv.nc/api/explore/v2.1/catalog/datasets/avis-de-vacances-de-poste-avp-drhfpnc/files/208ecb023e90f5c61478026f0a26cdca
57336,GESTIONNAIRE BUDGÉTAIRE ET FINANCIER,,,25-0552,2025-04-10,,rédacteur,,,,,2025-05-01,,,https://data.gouv.nc/api/explore/v2.1/catalog/datasets/avis-de-vacances-de-poste-avp-drhfpnc/files/3d2e15b32c0f61eff3b854527f5bd8da
57371,2 Agents gestionnaires polyvalents,,,25-0578,2025-04-10,,adjoint administratif,,,,,2025-05-01,,,https://data.gouv.nc/api/explore/v2.1/catalog/datasets/avis-de-vacances-de-poste-avp-drhfpnc/files/30253e11c7240f12732f501241cb599a
57472,"1 chargé des méthodes du contrôle interne, qualité et formation",,,25-0610,2025-04-17,,attaché d'administration générale,,,,,2025-05-08,,,https://data.gouv.nc/api/explore/v2.1/catalog/datasets/avis-de-vacances-de-poste-avp-drhfpnc/files/f2fe8bae99b4a9ede586e7149ad9fee4
57485,Conseiller en insertion sociale et professionnelle,,,25-0623,2025-04-17,,assistant socio-éducatif,,,,,2025-05-08,,,https://data.gouv.nc/api/explore/v2.1/catalog/datasets/avis-de-vacances-de-poste-avp-drhfpnc/files/b7397468da8e8115facc86f205489db3
57413,CHEF DE SERVICE SYSTÈMES,,,25-0060,2025-04-10,,ingénieur,,,,,2025-05-01,,,https://data.gouv.nc/api/explore/v2.1/catalog/datasets/avis-de-vacances-de-poste-avp-drhfpnc/files/50de6d364aabaf68c1870886606156c7
57582,1 technicien géomaticien,,,25-0637,2025-04-24,,technicien,,,,,2025-05-15,,,https://data.gouv.nc/api/explore/v2.1/catalog/datasets/avis-de-vacances-de-poste-avp-drhfpnc/files/abedb6a1ca323be299f74ecbc06ca960
57412,Assistant administratif,,,25-0602,2025-04-10,Agence calédonienne de l'énergie,rédacteur,,Agence calédonienne de l'énergie,ACE,,2025-05-01,,,https://data.gouv.nc/api/explore/v2.1/catalog/datasets/avis-de-vacances-de-poste-avp-drhfpnc/files/932958e312fd458cb133e8ff32f57cf5
57395,Agent d'accueil-saisie,,,25-0587,2025-04-10,CAP Emploi,adjoint administratif,,CAP Emploi,CAP Emploi,,2025-05-01,,,https://data.gouv.nc/api/explore/v2.1/catalog/datasets/avis-de-vacances-de-poste-avp-drhfpnc/files/566f9a56eb8ada230d3b1741389b6c83
57358,Agent d'entretien des espaces naturels,,,25-0568,2025-04-10,Centre de rencontres et d'échanges internationaux du pacifique,ACDP-Grille rémunération 1-Sans diplôme,,Centre de rencontres et d'échanges internationaux du pacifique,CREIPAC,,2025-05-01,,,https://data.gouv.nc/api/explore/v2.1/catalog/datasets/avis-de-vacances-de-poste-avp-drhfpnc/files/8a8766d59ec70b2de4c5c9424e759ca2
56574,1 directeur,,,25-0319,2025-02-20,,attaché d'administration générale,,,,,2025-05-01,,,https://data.gouv.nc/api/explore/v2.1/catalog/datasets/avis-de-vacances-de-poste-avp-drhfpnc/files/272e96364ceb10bce1678a071a848fde
57349,DT - Superviseur - CSNOC,,,25-0562,2025-04-10,Office des postes et télécommunications,technicien,,Office des postes et télécommunications,OPT,,2025-05-01,,,https://data.gouv.nc/api/explore/v2.1/catalog/datasets/avis-de-vacances-de-poste-avp-drhfpnc/files/337cd70a4d64b2b82dea004e1d75c5d3
55096,Infirmier(ère) à l'UPASS de l'île des Pins,,,24-1827,2024-11-21,Province Sud,infirmier en soins généraux,,Province Sud,PVS,,2025-05-01,,,https://data.gouv.nc/api/explore/v2.1/catalog/datasets/avis-de-vacances-de-poste-avp-drhfpnc/files/a7a0e6850ef45af6ba6852ef6e8d772e
56753,Gestionnaire administratif,Agent administratif,M1602-1,25-56753/MPRH,2025-04-03,Nouvelle-Calédonie,rédacteur,,Direction du numérique et de la modernisation,DINUM,Nouméa - Ouémo,2025-05-01,"Placé(e) sous la responsabilité du chef(fe) de service ressources, la/le gestionnaire administratif(ve) est chargé(e) d'assister les gestionnaires dans toutes les tâches administratives (finances, achats) et besoins de la direction afin d'optimiser la gestion de l'ensemble des activités du service pour les faire gagner en temps et en efficacité. Il/Elle organise et coordonne les projets administratifs internes liés au bon fonctionnement de l'organisme.",georges.wapae@gouv.nc,https://data.gouv.nc/api/explore/v2.1/catalog/datasets/avis-de-vacances-de-poste-avp-drhfpnc/files/aac432e16608e8df986d9ad1413dd57f
51813,Chef de projet SIRH,"Chef de projet (étude et développement informatique, maîtrise d'œuvre informatique)",M1805-4,25-51813/MPRH,2025-03-06,Nouvelle-Calédonie,ingénieur,,Direction du numérique et de la modernisation,DINUM,DINUM (Nouméa),2025-05-08,"Coordinateur d'une équipe, le chef de projet pilote l'activité de conception, de développement et de maintenance du système d'information des ressources humaines (SIRH), en lien avec la vision fonctionnelle portée par la Direction des Ressources Humaines et de la Fonction Publique Territoriale (DRHFPNC) à la définition de laquelle il contribue. 

Dans une logique devops de type ""you build it, you run it"",(""Vous le concevez, vous en êtes responsable"") :
- Il garantit la qualité, la sécurité, et  la cohérence technique des développements faits dans les applications du SIRH (notamment: Tiarhé et MonPortailRH).
- Il organise la gestion des incidents en lien avec le Centre de Relation Usagers et la DRH.
- Il pilote la maintenance et l'exploitation de l'ensemble des applications du SIRH.
- Il pilote les projets de développement ou d'intégration d'outils du SIRH, installés localement ou utilisés dans le cloud, en cohérence avec le reste du système d'information du gouvernement et dans le respect des règles notamment de sécurité, d'interopérabilité et de protection des données personnelles.
- Il anime et coordonne directement l'équipe de développement et les éventuels prestataires. 
- Il participe au recrutement de ses collègues et organise leur formation en cas de besoin.",benjamin.tixier@gouv.nc,https://data.gouv.nc/api/explore/v2.1/catalog/datasets/avis-de-vacances-de-poste-avp-drhfpnc/files/c94f8a837eaf1d6658216237b81b00bb
56361,Secrétaire-greffier d'état civil,Agent administratif,M1602-2,25-56361/MPRH,2025-04-03,Nouvelle-Calédonie,adjoint administratif,,Direction des affaires juridiques,DAJ,Nouméa,2025-05-15,"Dans le cadre de sa compétence en matière d'état civil, la Nouvelle-Calédonie assume désormais les attributions de greffe de l'état civil de droit commun. A ce titre, elle est notamment chargée :
- de veiller à la bonne tenue des registres d'état civil et du répertoire civil ;
- d'assurer le secrétariat du conseil des familles des pupilles de la Nouvelle-Calédonie ;
- de contribuer à la formation des agents de l'état civil au sein des communes de la Nouvelle-Calédonie.

Ces missions sont assurées au sein de la direction des affaires juridiques de la Nouvelle-Calédonie (DAJ-NC) par le bureau de l'état civil et du répertoire civil du service de la législation civile et commerciale.",david.ginocchi@gouv.nc,https://data.gouv.nc/api/explore/v2.1/catalog/datasets/avis-de-vacances-de-poste-avp-drhfpnc/files/0f316bcd5f4349a28039f48c1a4edf7f
57361,Chef d'atelier,,,25-0570,2025-04-10,,ACDP-Grille rémunération 1-Sans diplôme,,,,,2025-05-01,,,https://data.gouv.nc/api/explore/v2.1/catalog/datasets/avis-de-vacances-de-poste-avp-drhfpnc/files/cc409bb29809acf2dc8cc89b256fdd7a
57127,1 ingénieur géomatique,,,25-0491,2025-03-27,,ingénieur,,,,,2025-05-01,,,https://data.gouv.nc/api/explore/v2.1/catalog/datasets/avis-de-vacances-de-poste-avp-drhfpnc/files/925571d2fe95b25778e59cde98e8313a
57481,1 chef du service de l'urbanisme,,,25-0619,2025-04-17,,ingénieur,,,,,2025-05-15,,,https://data.gouv.nc/api/explore/v2.1/catalog/datasets/avis-de-vacances-de-poste-avp-drhfpnc/files/5f24582a4823b7605d4f876a84ab6008
57217,1 Technicien Hygiène et sécurité,,,25-0505,2025-04-03,,technicien,,,,,2025-05-08,,,https://data.gouv.nc/api/explore/v2.1/catalog/datasets/avis-de-vacances-de-poste-avp-drhfpnc/files/f7e6aec0b1559782f2a586962b3e8bd5
57334,RÉGISSEUR PRINCIPAL,,,25-0550,2025-04-10,,attaché,,,,,2025-05-01,,,https://data.gouv.nc/api/explore/v2.1/catalog/datasets/avis-de-vacances-de-poste-avp-drhfpnc/files/d0ed7c78fc93cf18f0a6b665a8544ef7
57333,DIRECTEUR GENERAL,,,25-0549,2025-04-10,,attaché,,,,,2025-05-01,,,https://data.gouv.nc/api/explore/v2.1/catalog/datasets/avis-de-vacances-de-poste-avp-drhfpnc/files/7bf1b1592b67078c8e6098faa938219c
57342,AGENT ADMINISTRATIF ET D'INFORMATION,,,25-0551,2025-04-10,,adjoint administratif,,,,,2025-05-01,,,https://data.gouv.nc/api/explore/v2.1/catalog/datasets/avis-de-vacances-de-poste-avp-drhfpnc/files/cbbe020c95d52301a5827bdb5a4d8032
57341,GESTIONNAIRE CLIENT ET COMMUNICATION,,,25-0556,2025-04-10,,adjoint administratif,,,,,2025-05-01,,,https://data.gouv.nc/api/explore/v2.1/catalog/datasets/avis-de-vacances-de-poste-avp-drhfpnc/files/170f2e2f522242d0f12e364e4481c325
57392,SECRETAIRE GENERAL(E),,,25-0584,2025-04-10,,attaché d'administration générale,,,,,2025-05-01,,,https://data.gouv.nc/api/explore/v2.1/catalog/datasets/avis-de-vacances-de-poste-avp-drhfpnc/files/baf5a56af608bdbd720ed7a3561ba07c
57585,1 Chef du service vie de la cité,,,25-0640,2025-04-24,,attaché d'administration générale,,,,,2025-05-15,,,https://data.gouv.nc/api/explore/v2.1/catalog/datasets/avis-de-vacances-de-poste-avp-drhfpnc/files/721fa9a0819ce8786b04c0544dac478c
57490,"Responsable cellule Logistique, administrative et financière (CLAF)",,,25-0628,2025-04-17,,rédacteur d'administration générale,,,,,2025-05-08,,,https://data.gouv.nc/api/explore/v2.1/catalog/datasets/avis-de-vacances-de-poste-avp-drhfpnc/files/c0cc9f81784238befb8d1a8da9ec894a
57584,2 gestionnaires carrières et paie,,,25-0639,2025-04-24,,rédacteur d'administration générale,,,,,2025-05-15,,,https://data.gouv.nc/api/explore/v2.1/catalog/datasets/avis-de-vacances-de-poste-avp-drhfpnc/files/4c406e68306084af41162500bdbfac47
57411,Régisseur mandataire suppléant de la régie recettes,,,25-0601,2025-04-10,,adjoint administratif,,,,,2025-05-01,,,https://data.gouv.nc/api/explore/v2.1/catalog/datasets/avis-de-vacances-de-poste-avp-drhfpnc/files/6ff744327debf606c8c06780c55f10c0
57586,1 assistant administratif et comptable,,,25-0641,2025-04-24,,adjoint administratif,,,,,2025-05-15,,,https://data.gouv.nc/api/explore/v2.1/catalog/datasets/avis-de-vacances-de-poste-avp-drhfpnc/files/4216481934a18fcd0dc71e9d31b6409e
57251,1 Secrétaire comptable,,,25-0538,2025-04-03,,adjoint administratif,,,,,2025-05-08,,,https://data.gouv.nc/api/explore/v2.1/catalog/datasets/avis-de-vacances-de-poste-avp-drhfpnc/files/f0a87e6a2a061a74e1c566a729b6653b
57344,Stationnaire (Gestion des appels d'urgence),,,25-0559,2025-04-10,,sapeur pompier,,,,,2025-05-01,,,https://data.gouv.nc/api/explore/v2.1/catalog/datasets/avis-de-vacances-de-poste-avp-drhfpnc/files/9714e640451167d34395f76d366149ea
57346,RESPONSABLE PATRIMOINE,,,25-0605,2025-04-10,,ingénieur,,,,,2025-05-01,,,https://data.gouv.nc/api/explore/v2.1/catalog/datasets/avis-de-vacances-de-poste-avp-drhfpnc/files/390560e60f0a00b0cb92c1a8c0640259
57119,"1 Référent(e) qualité, hygiène et sécurité des aliments",,,25-0483,2025-03-27,Caisse des écoles de Nouméa,ingénieur,,Caisse des écoles de Nouméa,CDE Nouméa,,2025-05-01,,,https://data.gouv.nc/api/explore/v2.1/catalog/datasets/avis-de-vacances-de-poste-avp-drhfpnc/files/327d6a08446b97049f584001262f7a32
57590,1 Régisseur mandataire suppléant de la régie recettes,,,25-0645,2025-04-24,Caisse des écoles de Nouméa,adjoint administratif,,Caisse des écoles de Nouméa,CDE Nouméa,,2025-05-15,,,https://data.gouv.nc/api/explore/v2.1/catalog/datasets/avis-de-vacances-de-poste-avp-drhfpnc/files/4ac4501965c26bd8424dda9027f25add
57587,02 Infirmiers (es) Anesthésistes Diplômes (es) d'Etat,,,25-0642,2025-04-24,Centre hospitalier du Nord,infirmier anesthésiste,,Centre hospitalier du Nord,CHN,,2025-05-15,,,https://data.gouv.nc/api/explore/v2.1/catalog/datasets/avis-de-vacances-de-poste-avp-drhfpnc/files/2d55af29df15d2f538c6beead884d5a8
57580,04 Manipulateurs d'Electroradiologie médicale,,,25-0635,2025-04-24,Centre hospitalier du Nord,manipulateur en électroradiologie,,Centre hospitalier du Nord,CHN,,2025-05-15,,,https://data.gouv.nc/api/explore/v2.1/catalog/datasets/avis-de-vacances-de-poste-avp-drhfpnc/files/2feb85e02b9a9874c42efef599878a43
57578,15 INFIRMIERS (ERES),,,25-0633,2025-04-24,Centre hospitalier du Nord,infirmier en soins généraux,,Centre hospitalier du Nord,CHN,,2025-05-15,,,https://data.gouv.nc/api/explore/v2.1/catalog/datasets/avis-de-vacances-de-poste-avp-drhfpnc/files/d068844d294297e75a50a2c21f8dfd9d
57581,03 INFIRMIER (ERE) de BLOC OPERATOIRE,,,25-0636,2025-04-24,Centre hospitalier du Nord,infirmier en soins généraux,,Centre hospitalier du Nord,CHN,,2025-05-15,,,https://data.gouv.nc/api/explore/v2.1/catalog/datasets/avis-de-vacances-de-poste-avp-drhfpnc/files/afac0ca4d04750cba69fff8ebd8e3e02
57619,1 Infirmier en soins généraux - Néphrologie/hémodialyse,,,25-0659,2025-04-24,"Centre hospitalier territorial ""Gaston Bourret""",infirmier en soins généraux,,"Centre hospitalier territorial ""Gaston Bourret""",CHT,,2025-05-15,,,https://data.gouv.nc/api/explore/v2.1/catalog/datasets/avis-de-vacances-de-poste-avp-drhfpnc/files/781c874964afabb616372f02461fc391
57434,6 Infirmier(e)s en soins généraux - réanimation,,,25-0583,2025-04-10,"Centre hospitalier territorial ""Gaston Bourret""",infirmier en soins généraux,,"Centre hospitalier territorial ""Gaston Bourret""",CHT,,2025-05-01,,,https://data.gouv.nc/api/explore/v2.1/catalog/datasets/avis-de-vacances-de-poste-avp-drhfpnc/files/9ae2ef3c849bf9c6b7a863005e0ce58a
57475,7 Infirmier(e)s anesthésistes diplômé(e)s d'Etat,,,25-0613,2025-04-17,"Centre hospitalier territorial ""Gaston Bourret""",infirmier en soins généraux,,"Centre hospitalier territorial ""Gaston Bourret""",CHT,,2025-05-08,,,https://data.gouv.nc/api/explore/v2.1/catalog/datasets/avis-de-vacances-de-poste-avp-drhfpnc/files/7f3308594403b857337fd7638bc21c8d
57478,1 Chef du service carrière et rémunération,,,25-0615,2025-04-17,"Centre hospitalier territorial ""Gaston Bourret""",attaché,,"Centre hospitalier territorial ""Gaston Bourret""",CHT,,2025-05-08,,,https://data.gouv.nc/api/explore/v2.1/catalog/datasets/avis-de-vacances-de-poste-avp-drhfpnc/files/74ee03aea12b494385b2abece4b01b35
57479,2 CHEFS DE PROJET,,,25-0616,2025-04-17,"Centre hospitalier territorial ""Gaston Bourret""",attaché,,"Centre hospitalier territorial ""Gaston Bourret""",CHT,,2025-05-08,,,https://data.gouv.nc/api/explore/v2.1/catalog/datasets/avis-de-vacances-de-poste-avp-drhfpnc/files/090997b7ee4f8341727d9ac4ea9d757d
57615,1 Chef de section électricité et exploitation,,,25-0655,2025-04-24,"Centre hospitalier territorial ""Gaston Bourret""",technicien,,"Centre hospitalier territorial ""Gaston Bourret""",CHT,,2025-05-15,,,https://data.gouv.nc/api/explore/v2.1/catalog/datasets/avis-de-vacances-de-poste-avp-drhfpnc/files/0d3716590f92764fbb6928971fadcd0c
57393,1 Technicien supérieur bâtiment,,,25-0585,2025-04-10,"Centre hospitalier territorial ""Gaston Bourret""",technicien,,"Centre hospitalier territorial ""Gaston Bourret""",CHT,,2025-05-01,,,https://data.gouv.nc/api/explore/v2.1/catalog/datasets/avis-de-vacances-de-poste-avp-drhfpnc/files/83c1b44e690502d60a00093b468d2949
57396,Chargé(e) d'accueil et de secrétariat,,,25-0588,2025-04-10,Direction interrégionale de Météo-France,adjoint administratif,,Direction interrégionale de Météo-France,METEO-FRANCE,,2025-05-01,,,https://data.gouv.nc/api/explore/v2.1/catalog/datasets/avis-de-vacances-de-poste-avp-drhfpnc/files/0c4d7690564dff4d6041007fef9c2caf
57486,DT - Assistant Commercial entreprises - AE,,,25-0624,2025-04-17,Office des postes et télécommunications,contrôleur,,Office des postes et télécommunications,OPT,,2025-05-08,,,https://data.gouv.nc/api/explore/v2.1/catalog/datasets/avis-de-vacances-de-poste-avp-drhfpnc/files/62db5c55c3041ca5fa624bf123799811
57347,DT - Superviseur - CSNOC,,,25-0561,2025-04-10,Office des postes et télécommunications,technicien,,Office des postes et télécommunications,OPT,,2025-05-01,,,https://data.gouv.nc/api/explore/v2.1/catalog/datasets/avis-de-vacances-de-poste-avp-drhfpnc/files/dad62a315b96c14ed4b051c9870713d8
57369,DDI - Chargés de contact clientèle - Agence Dumbéa et son annexe Panda,,,25-0576,2025-04-10,Office des postes et télécommunications,agent d'exploitation,,Office des postes et télécommunications,OPT,,2025-05-01,,,https://data.gouv.nc/api/explore/v2.1/catalog/datasets/avis-de-vacances-de-poste-avp-drhfpnc/files/224fd859f7e1aa4c33659ac81131d8f3
57352,DT - Chef de cellule multimédia - CERT,,,25-0563,2025-04-10,Office des postes et télécommunications,cadre technique,,Office des postes et télécommunications,OPT,,2025-05-01,,,https://data.gouv.nc/api/explore/v2.1/catalog/datasets/avis-de-vacances-de-poste-avp-drhfpnc/files/4feff828a39a201b158537c1106b4410
57596,DT - 2 Agents SAV mobile - Agence Télécom,,,25-0651,2025-04-24,Office des postes et télécommunications,agent technique,,Office des postes et télécommunications,OPT,,2025-05-15,,,https://data.gouv.nc/api/explore/v2.1/catalog/datasets/avis-de-vacances-de-poste-avp-drhfpnc/files/f3f174989b042746f2031a9c99a157f5
57489,ASSISTANT(E) PATRIMOINE,,,25-0627,2025-04-17,Port autonome de Nouvelle-Calédonie,rédacteur,,Port autonome de Nouvelle-Calédonie,PANC,,2025-05-08,,,https://data.gouv.nc/api/explore/v2.1/catalog/datasets/avis-de-vacances-de-poste-avp-drhfpnc/files/e4caa6faff8da51cd4b1765ec9ed3573
57409,Agent d'entretien polyvalent,,,25-0599,2025-04-10,Province Nord,ACDP-Grille rémunération 1-Sans diplôme,,Province Nord,PVN,,2025-05-01,,,https://data.gouv.nc/api/explore/v2.1/catalog/datasets/avis-de-vacances-de-poste-avp-drhfpnc/files/b263f38dbcf61e82e1f8e6fc99e27c6f
55993,MEDECIN-POUEBO,,,25-0081,2025-01-16,Province Nord,médecin de santé publique,,Province Nord,PVN,,2025-05-15,,,https://data.gouv.nc/api/explore/v2.1/catalog/datasets/avis-de-vacances-de-poste-avp-drhfpnc/files/19577579235f73d3c3a9818eee279f44
56012,MEDECIN ITINERANT,,,25-0100,2025-01-16,Province Nord,médecin de santé publique,,Province Nord,PVN,,2025-05-15,,,https://data.gouv.nc/api/explore/v2.1/catalog/datasets/avis-de-vacances-de-poste-avp-drhfpnc/files/aa28bcf5cd0f0fbb173aff40ff71a47a
56017,MEDECIN-HOUAILOU,,,25-0105,2025-01-16,Province Nord,médecin de santé publique,,Province Nord,PVN,,2025-05-15,,,https://data.gouv.nc/api/explore/v2.1/catalog/datasets/avis-de-vacances-de-poste-avp-drhfpnc/files/603eca1600662ec83089a99307ed59c8
55992,MEDECIN-HIENGHENE,,,24-0080,2025-01-16,Province Nord,médecin de santé publique,,Province Nord,PVN,,2025-05-15,,,https://data.gouv.nc/api/explore/v2.1/catalog/datasets/avis-de-vacances-de-poste-avp-drhfpnc/files/27d447ab13afa1f004c46beea9e217c2
56022,MEDECIN-TOUHO,,,25-0110,2025-01-16,Province Nord,médecin de santé publique,,Province Nord,PVN,,2025-05-15,,,https://data.gouv.nc/api/explore/v2.1/catalog/datasets/avis-de-vacances-de-poste-avp-drhfpnc/files/db8b6d091b309d5348a9860444005ec5
55996,MEDECIN-OUEGOA,,,25-0084,2025-01-16,Province Nord,médecin de santé publique,,Province Nord,PVN,,2025-05-15,,,https://data.gouv.nc/api/explore/v2.1/catalog/datasets/avis-de-vacances-de-poste-avp-drhfpnc/files/03e023946b97008b9e0faea2d8075e9b
56011,MEDECIN ITINERANT,,,25-0099,2025-01-16,Province Nord,médecin de santé publique,,Province Nord,PVN,,2025-05-15,,,https://data.gouv.nc/api/explore/v2.1/catalog/datasets/avis-de-vacances-de-poste-avp-drhfpnc/files/3013c48a5954f7e005628f5294902765
56003,CHIRURGIEN DENTISTE-PONERIHOUEN,,,25-0091,2025-01-16,Province Nord,chirurgien dentiste,,Province Nord,PVN,,2025-05-15,,,https://data.gouv.nc/api/explore/v2.1/catalog/datasets/avis-de-vacances-de-poste-avp-drhfpnc/files/d6e1e590dab9f0c75d124d04fc0d6892
55977,INFIRMIER EN SOINS GENERAUX  - BELEP,,,25-0065,2025-01-16,Province Nord,infirmier en soins généraux,,Province Nord,PVN,,2025-05-15,,,https://data.gouv.nc/api/explore/v2.1/catalog/datasets/avis-de-vacances-de-poste-avp-drhfpnc/files/23c7b0c3abfc8514ca779937b773428e
57416,Conseiller juridique,,,25-0609,2025-04-10,Province Nord,attaché,,Province Nord,PVN,,2025-05-01,,,https://data.gouv.nc/api/explore/v2.1/catalog/datasets/avis-de-vacances-de-poste-avp-drhfpnc/files/90a63d3231eecd51750ff51d28437ce1
57408,Chargé de la gestion des espaces naturels et écotouristiques,,,25-0598,2025-04-10,Province Nord,technicien,,Province Nord,PVN,,2025-05-01,,,https://data.gouv.nc/api/explore/v2.1/catalog/datasets/avis-de-vacances-de-poste-avp-drhfpnc/files/2efbede88e336ae2b2f19db647a31b5a
57398,Agent patrouilleur,,,25-0591,2025-04-10,Province Sud,ACDP-Grille rémunération 1-Sans diplôme,,Province Sud,PVS,,2025-05-01,,,https://data.gouv.nc/api/explore/v2.1/catalog/datasets/avis-de-vacances-de-poste-avp-drhfpnc/files/6abe9371f508c1c703a54f64d2b622ea
57400,Agent patrouilleur,,,25-0592,2025-04-10,Province Sud,ACDP-Grille rémunération 1-Sans diplôme,,Province Sud,PVS,,2025-05-01,,,https://data.gouv.nc/api/explore/v2.1/catalog/datasets/avis-de-vacances-de-poste-avp-drhfpnc/files/e49cc9159d41f7722b816f03d9718f28
57397,Agent patrouilleur,,,25-0589,2025-04-10,Province Sud,ACDP-Grille rémunération 1-Sans diplôme,,Province Sud,PVS,,2025-05-01,,,https://data.gouv.nc/api/explore/v2.1/catalog/datasets/avis-de-vacances-de-poste-avp-drhfpnc/files/d1ded007d20efd1b64e737a71a96dd39
53347,Médecin à l'UPASS de Nouméa - ESPACE SANTE,,,24-1317,2024-08-15,Province Sud,médecin de santé publique,,Province Sud,PVS,,2025-05-08,,,https://data.gouv.nc/api/explore/v2.1/catalog/datasets/avis-de-vacances-de-poste-avp-drhfpnc/files/17d980a2341b19b5bf707450595136d6
52596,Médecin à mi-temps au centre de protection maternelle et infantile,,,24-1044,2024-06-27,Province Sud,médecin de santé publique,,Province Sud,PVS,,2025-05-22,,,https://data.gouv.nc/api/explore/v2.1/catalog/datasets/avis-de-vacances-de-poste-avp-drhfpnc/files/1376d127543d43e88df322a724ab0568
53348,Médecin à l'UPASS de Bourail,,,24-1318,2024-08-15,Province Sud,médecin de santé publique,,Province Sud,PVS,,2025-05-08,,,https://data.gouv.nc/api/explore/v2.1/catalog/datasets/avis-de-vacances-de-poste-avp-drhfpnc/files/b64752bd4ba5ad26e31821fbf2560a16
53349,Médecin à l'UPASS de Bourail,,,24-1319,2024-08-15,Province Sud,médecin de santé publique,,Province Sud,PVS,,2025-05-08,,,https://data.gouv.nc/api/explore/v2.1/catalog/datasets/avis-de-vacances-de-poste-avp-drhfpnc/files/f617ac8ee07390c36ee7d62bc437a335
53353,Médecin à l'UPASS de Thio,,,24-1323,2024-08-15,Province Sud,médecin de santé publique,,Province Sud,PVS,,2025-05-08,,,https://data.gouv.nc/api/explore/v2.1/catalog/datasets/avis-de-vacances-de-poste-avp-drhfpnc/files/de0778b581663f23e168d4fb62d4416d
57355,Agent d'accueil d'entretien et de surveillance au Parc Provincial  de la  Rivière Bleue,,,25-0564,2025-04-10,Province Sud,adjoint administratif,,Province Sud,PVS,,2025-05-01,,,https://data.gouv.nc/api/explore/v2.1/catalog/datasets/avis-de-vacances-de-poste-avp-drhfpnc/files/754909bfb8657f31ee945b6f9f6b8dd0
57589,1 Orthophoniste,,,25-0644,2025-04-24,Province des îles Loyauté,orthophoniste,,Province des îles Loyauté,PIL,,2025-05-15,,,https://data.gouv.nc/api/explore/v2.1/catalog/datasets/avis-de-vacances-de-poste-avp-drhfpnc/files/14848521cc1e06712ba87c9408ad5a09
57591,Comptable,,,25-0646,2025-04-24,Province des îles Loyauté,adjoint administratif,,Province des îles Loyauté,PIL,,2025-05-15,,,https://data.gouv.nc/api/explore/v2.1/catalog/datasets/avis-de-vacances-de-poste-avp-drhfpnc/files/5abc1690543ed7ac2af77e5899b172ca
57614,Secrétaire,,,25-0654,2025-04-24,Province des îles Loyauté,adjoint administratif,,Province des îles Loyauté,PIL,,2025-05-15,,,https://data.gouv.nc/api/explore/v2.1/catalog/datasets/avis-de-vacances-de-poste-avp-drhfpnc/files/c20a8faacc0692e6cd173343cea35021
57484,Secrétaire d'intendance,,,25-0622,2025-04-17,Vice-rectorat,adjoint administratif,,Vice-rectorat,VR,,2025-05-08,,,https://data.gouv.nc/api/explore/v2.1/catalog/datasets/avis-de-vacances-de-poste-avp-drhfpnc/files/1ed24d40f1df3066b22b1e2a126d4f41
57357,Secrétaire d'intendance,,,25-0567,2025-04-10,Vice-rectorat,adjoint administratif,,Vice-rectorat,VR,,2025-05-01,,,https://data.gouv.nc/api/explore/v2.1/catalog/datasets/avis-de-vacances-de-poste-avp-drhfpnc/files/5e1d18cec6c18cd6501b8406f3dd4688
57367,Gestionnaire du dossier social étudiant,,,25-0574,2025-04-10,Vice-rectorat,adjoint administratif,,Vice-rectorat,VR,,2025-05-01,,,https://data.gouv.nc/api/explore/v2.1/catalog/datasets/avis-de-vacances-de-poste-avp-drhfpnc/files/9ce7a306e553e3d56253eacdebd8d98b
57588,Gestionnaire des ressources humaines,,,25-0643,2025-04-24,Ville du Mont-Dore,rédacteur d'administration générale,,Ville du Mont-Dore,,,2025-05-15,,,https://data.gouv.nc/api/explore/v2.1/catalog/datasets/avis-de-vacances-de-poste-avp-drhfpnc/files/d96a234daf1ec12df0aab634616f4db0
56752,Médecin de santé publique,"Médecin (Inspecteur de Santé Publique -MISP-, inspecteur de la santé, conseil)",K1402-1,25-56752/MPRH,2025-04-17,Nouvelle-Calédonie,médecin de santé publique,2025-03-31,Direction des affaires sanitaires et sociales,DASS,Nouméa,2025-05-08,"Placé sous l'autorité du chef de service de santé publique, le médecin participe à l'ensemble des activités du service.",direction.dass@gouv.nc,https://data.gouv.nc/api/explore/v2.1/catalog/datasets/avis-de-vacances-de-poste-avp-drhfpnc/files/5d5c23d0cf78665cb56770dae3efbb87
56672,Chef de service éducatif au FAEN,Educateur chef de service socioéducatif,K1207-2,25-56672/MPRH,2025-04-03,Nouvelle-Calédonie,cadre socio-éducatif,,Direction de la protection judiciaire de l'enfance et de la jeunesse,DPJEJ,Nouméa,2025-05-15,"Au sein du foyer d'action éducative de Nouville, sous l'autorité du chef de service de l'établissement de placement judiciaire, le chef de service éducatif est en charge de l'animation pédagogique et administrative de son unité. Il garantit la prise en charge des mineurs faisant l'objet de mesures judiciaires dans le cadre de l'enfance délinquante (CJPM) ou de la protection de l'enfance (article 375 et suivant du code civil). Le chef de service éducatif est responsable de la coordination du suivi judiciaire des mineurs pris en charge et de leur contrôle. Il rend compte de l'exécution des missions confiées, de l'utilisation des moyens, est des actions menées. Il est garant de l'action éducative mise en œuvre.",paulo.watoene@gouv.nc,https://data.gouv.nc/api/explore/v2.1/catalog/datasets/avis-de-vacances-de-poste-avp-drhfpnc/files/88789288d3e29f791261ac0a126becdc
57592,Directeur,,,25-0647,2025-04-24,Province Nord,emploi fonctionnel,,Province Nord,PVN,,2025-05-15,,,https://data.gouv.nc/api/explore/v2.1/catalog/datasets/avis-de-vacances-de-poste-avp-drhfpnc/files/273ab1e70769d68a707ad9e1923f8894
56895,2 Techniciens patrouilleurs routiers,Chef d'équipe sécurité tracé routier,I1202-1,25-56895/MPRH,2025-04-03,Nouvelle-Calédonie,technicien,,"Direction des infrastructures, de la topographie et des transports terrestres",DITTT,Nouméa,2025-05-08,"Sous l'autorité hiérarchique du chef du BEEX, le technicien participe au maintien des niveaux de service du réseau routier territorial. Il assure la surveillance active du réseau routier (routes et ouvrages d'art) et informe la hiérarchie des principales dégradations et interventions d'urgence et en assure le traitement. Par ailleurs, il assure le renseignement des registres, des tableaux de bord et des indicateurs liés aux patrouilles dont il a la charge, l'évaluation régulière des objectifs fixés par le chef de bureau. Il peut être amené à contrôler l'exécution des travaux effectués par des entreprises extérieures.",steeve.pelo@gouv.nc,https://data.gouv.nc/api/explore/v2.1/catalog/datasets/avis-de-vacances-de-poste-avp-drhfpnc/files/897b11b150b94d7022e3a2757e81f7a9
56018,MEDECIN-POYA,,,25-0106,2025-01-16,Province Nord,médecin de santé publique,,Province Nord,PVN,,2025-05-15,,,https://data.gouv.nc/api/explore/v2.1/catalog/datasets/avis-de-vacances-de-poste-avp-drhfpnc/files/63711c9f6317632381d1b87ca1d003e3
56019,MEDECIN-VOH,,,25-0107,2025-01-16,Province Nord,médecin de santé publique,,Province Nord,PVN,,2025-05-15,,,https://data.gouv.nc/api/explore/v2.1/catalog/datasets/avis-de-vacances-de-poste-avp-drhfpnc/files/83bcf52766118221f116c659b8d01ce2
55991,MEDECIN-TOUHO,,,25-0079,2025-01-16,Province Nord,médecin de santé publique,,Province Nord,PVN,,2025-05-15,,,https://data.gouv.nc/api/explore/v2.1/catalog/datasets/avis-de-vacances-de-poste-avp-drhfpnc/files/1e6c6657aae890616b30bf809638ee8d
56013,MEDECIN-BELEP,,,25-0101,2025-01-16,Province Nord,médecin de santé publique,,Province Nord,PVN,,2025-05-15,,,https://data.gouv.nc/api/explore/v2.1/catalog/datasets/avis-de-vacances-de-poste-avp-drhfpnc/files/5a49691fe48616bfc0c41ab36927151c
56014,MEDECIN-CANALA,,,25-0102,2025-01-16,Province Nord,médecin de santé publique,,Province Nord,PVN,,2025-05-15,,,https://data.gouv.nc/api/explore/v2.1/catalog/datasets/avis-de-vacances-de-poste-avp-drhfpnc/files/b8c6c823c10e597981b121f9902d6203
56015,MEDECIN-CANALA,,,25-0103,2025-01-16,Province Nord,médecin de santé publique,,Province Nord,PVN,,2025-05-15,,,https://data.gouv.nc/api/explore/v2.1/catalog/datasets/avis-de-vacances-de-poste-avp-drhfpnc/files/5c27a4e092ed048c190869fe58ec811b
56005,INFIRMIER EN SOINS GENERAUX ITINERANT,,,25-0093,2025-01-16,Province Nord,infirmier diplômé d'État,,Province Nord,PVN,,2025-05-15,,,https://data.gouv.nc/api/explore/v2.1/catalog/datasets/avis-de-vacances-de-poste-avp-drhfpnc/files/9653370a6b5be80e9a6af885cea81f12
55984,INFIRMIER EN SOINS GENERAUX - HOUAILOU,,,24-0072,2025-01-16,Province Nord,infirmier en soins généraux,,Province Nord,PVN,,2025-05-15,,,https://data.gouv.nc/api/explore/v2.1/catalog/datasets/avis-de-vacances-de-poste-avp-drhfpnc/files/bd6efe117b7cd3ed14ebb84b8df0cdef
55988,INFIRMIER EN SOINS GENERAUX - CANALA,,,25-0076,2025-01-16,Province Nord,infirmier en soins généraux,,Province Nord,PVN,,2025-05-15,,,https://data.gouv.nc/api/explore/v2.1/catalog/datasets/avis-de-vacances-de-poste-avp-drhfpnc/files/6c0fd64af09e5bc1b4674718765ed302
55980,INFIRMIER EN SOINS GENERAUX - POUEBO,,,24-0068,2025-01-16,Province Nord,infirmier en soins généraux,,Province Nord,PVN,,2025-05-15,,,https://data.gouv.nc/api/explore/v2.1/catalog/datasets/avis-de-vacances-de-poste-avp-drhfpnc/files/f203296da96a054999246e77f3e390a3
55983,INFIRMIER EN SOINS GENERAUX - HOUAILOU,,,25-0071,2025-01-16,Province Nord,infirmier en soins généraux,,Province Nord,PVN,,2025-05-15,,,https://data.gouv.nc/api/explore/v2.1/catalog/datasets/avis-de-vacances-de-poste-avp-drhfpnc/files/5a0b193ea73bb12bb3d977e071feba50
57407,INFIRMIER REFERENT EN GERONTOLOGIE,,,25-0597,2025-04-10,Province Nord,infirmier en soins généraux,,Province Nord,PVN,,2025-05-01,,,https://data.gouv.nc/api/explore/v2.1/catalog/datasets/avis-de-vacances-de-poste-avp-drhfpnc/files/fcc229efe9c658dacc51b9468cd46f7e
56006,ORTHOPHONISTE-POINDIMIE,,,25-0094,2025-01-16,Province Nord,orthophoniste,,Province Nord,PVN,,2025-05-15,,,https://data.gouv.nc/api/explore/v2.1/catalog/datasets/avis-de-vacances-de-poste-avp-drhfpnc/files/115d6bae1ca557b6991aa09fb7f9e641
57593,Conseiller(e) en insertion socioprofessionnelle,,,25-0648,2025-04-24,Province Nord,rédacteur,,Province Nord,PVN,,2025-05-15,,,https://data.gouv.nc/api/explore/v2.1/catalog/datasets/avis-de-vacances-de-poste-avp-drhfpnc/files/030ba5fe6bd8435285b7b9cc7ac7a292
57488,Chargé de projet gestion des incendies,,,25-0626,2025-04-17,Province Nord,ingénieur,,Province Nord,PVN,,2025-05-08,,,https://data.gouv.nc/api/explore/v2.1/catalog/datasets/avis-de-vacances-de-poste-avp-drhfpnc/files/41355ad290f218990ba550b3e71fa531
57403,Agent patrouilleur,,,25-0595,2025-04-10,Province Sud,ACDP-Grille rémunération 1-Sans diplôme,,Province Sud,PVS,,2025-05-01,,,https://data.gouv.nc/api/explore/v2.1/catalog/datasets/avis-de-vacances-de-poste-avp-drhfpnc/files/44c6f5194f1d1246f30c02b1cce7f6fd
57399,Agent patrouilleur,,,25-0590,2025-04-10,Province Sud,ACDP-Grille rémunération 1-Sans diplôme,,Province Sud,PVS,,2025-05-01,,,https://data.gouv.nc/api/explore/v2.1/catalog/datasets/avis-de-vacances-de-poste-avp-drhfpnc/files/a9b12f1b3079bd78151957c49f71eb1a
53351,Médecin à l'UPASS de La Foa,,,24-1321,2024-08-15,Province Sud,médecin de santé publique,,Province Sud,PVS,,2025-05-08,,,https://data.gouv.nc/api/explore/v2.1/catalog/datasets/avis-de-vacances-de-poste-avp-drhfpnc/files/c40eead5ed0d8b731108b8d68cc85824
57230,Gestionnaire des marchés publics,,,25-0506,2025-04-03,Province Sud,attaché,,Province Sud,PVS,,2025-05-01,,,https://data.gouv.nc/api/explore/v2.1/catalog/datasets/avis-de-vacances-de-poste-avp-drhfpnc/files/faf220efefd6e329b1993b86518c4291
57533,Responsable du bureau du budget,,,25-0629,2025-04-17,Province Sud,rédacteur,,Province Sud,PVS,,2025-05-08,,,https://data.gouv.nc/api/explore/v2.1/catalog/datasets/avis-de-vacances-de-poste-avp-drhfpnc/files/712776df93542330eb57297ee0d85e07
57356,Assistant administratif à l'internat de La Foa,,,25-0565,2025-04-10,Province Sud,adjoint administratif,,Province Sud,PVS,,2025-05-01,,,https://data.gouv.nc/api/explore/v2.1/catalog/datasets/avis-de-vacances-de-poste-avp-drhfpnc/files/4df3701d003acbfa2af02e97d699cf02
56150,Développeur d'applications - Chef projet informatique,,,25-0159,2025-01-21,Province Sud,ingénieur,,Province Sud,PVS,,2025-05-08,,,https://data.gouv.nc/api/explore/v2.1/catalog/datasets/avis-de-vacances-de-poste-avp-drhfpnc/files/8715a0c7d5c66c6c2036e84feb32c492
56493,Développeur Maintenance Applicative,,,25-0310,2025-02-13,Province Sud,ingénieur,,Province Sud,PVS,,2025-05-08,,,https://data.gouv.nc/api/explore/v2.1/catalog/datasets/avis-de-vacances-de-poste-avp-drhfpnc/files/cea6ef2419581a5fb7c0482943ed9560
57613,4 Médecins,,,25-0653,2025-04-24,Province des îles Loyauté,médecin de santé publique,,Province des îles Loyauté,PIL,,2025-05-15,,,https://data.gouv.nc/api/explore/v2.1/catalog/datasets/avis-de-vacances-de-poste-avp-drhfpnc/files/f42361f08ea389887b5a1f0f2994cc4b
57363,Assistant(e) de gestion,,,25-0572,2025-04-10,Vice-rectorat,adjoint administratif,,Vice-rectorat,VR,,2025-05-01,,,https://data.gouv.nc/api/explore/v2.1/catalog/datasets/avis-de-vacances-de-poste-avp-drhfpnc/files/d5502c349710133d9a4536075861c23f
55972,Médecin inspecteur,"Médecin (Inspecteur de Santé Publique -MISP-, inspecteur de la santé, conseil)",K1402-4,25-55972/MPRH,2025-03-27,Nouvelle-Calédonie,médecin de santé publique,2025-11-30,Direction des affaires sanitaires et sociales,DASS,NOUMEA,2025-05-15,"Au sein du service de l'offre et de la qualité des soins, le médecin inspecteur intervient en matière de:
- d'inspection et de contrôle du respect de la réglementation sanitaire,
- de travaux de planification sanitaire,
- de travaux de planification et d'organisation de l'offre de soins, 
- de réponse aux signalement et plaintes à l'encontre des établissements de soins ou de professionnels de santé,
- de gestion des internes en médecine affectés en NC,
- d'élaboration de la réglementation plus particulièrement celle relative aux professions de santé et aux établissements et services de santé,
- de gestion de diverses commissions réglementaires (conseil de santé, comité médical, commission d'appel des évacuations sanitaires, commission d'affectation des internes, comité d'experts, commission d'autorisation d'exercice notamment ...),
- participation au contrôle des dépenses pharmaceutiques et à la mise en œuvre de toutes les mesures visant au bon usage des médicaments,
- à la planification du plan de contrôle. 

Il assure également en propre la gestion de thématiques relevant du médecin inspecteur.",direction.dass@gouv.nc,https://data.gouv.nc/api/explore/v2.1/catalog/datasets/avis-de-vacances-de-poste-avp-drhfpnc/files/ef884d591ffa14991d9435038cb97ae9
56835,Chef de service - FAEN,Educateur chef de service socioéducatif,K1207-2,25-56835/MPRH,2025-04-03,Nouvelle-Calédonie,cadre socio-éducatif,,Direction de la protection judiciaire de l'enfance et de la jeunesse,DPJEJ,Nouméa,2025-05-15,"Le chef de service d'établissement de placement judiciaire est chargé, sous l'autorité du directeur de la PJEJ, de la direction pédagogique et administrative de l'établissement prenant en charge des mineurs faisant l'objet d'une mesure judiciaire dans le cadre du CJPM relative à l'enfance délinquante ou dans le cadre de la protection de l'enfance au titre des articles 375 et suivants du code civil.",paulo.watoene@gouv.nc,https://data.gouv.nc/api/explore/v2.1/catalog/datasets/avis-de-vacances-de-poste-avp-drhfpnc/files/428a200a78ced4ba403c799fefa3525e
57350,CHARGÉ D'EXPLOITATION ET DE LA SÉCURITÉ,,,25-0603,2025-04-10,,technicien,,,,,2025-05-01,,,https://data.gouv.nc/api/explore/v2.1/catalog/datasets/avis-de-vacances-de-poste-avp-drhfpnc/files/aa443d3ac5b0ba14d32adb98aa353c8c
57153,Gestionnaire SIRH,"Assistant maîtrise d'ouvrage des systèmes d'information, Assistant fonctionnel des systèmes d'information",M1806-7,25-57153/MPRH,2025-04-03,Nouvelle-Calédonie,technicien,,Direction des ressources humaines et de la fonction publique de Nouvelle-Calédonie,DRHFPNC,Nouméa,2025-04-29,"Dans le cadre du renforcement de notre équipe et sous l'impulsion du chef de service, le gestionnaire SIRH joue un rôle clé de support et d'accompagnement auprès des utilisateurs des applicatifs du SIRH de la fonction publique de Nouvelle-Calédonie. Il assure un support de premier niveau, diagnostique et résout les incidents tout en veillant à l'amélioration continue des outils.
Il analyse les besoins des services, identifie et conçoit les évolutions nécessaires en réponse aux contraintes réglementaires et aux enjeux opérationnels. Il contribue à la cohérence, à la qualité et à l'optimisation des applications afin de garantir leur bon fonctionnement et leur adéquation aux attentes des utilisateurs.",nadine.lespinasse@gouv.nc,https://data.gouv.nc/api/explore/v2.1/catalog/datasets/avis-de-vacances-de-poste-avp-drhfpnc/files/ed5631fccc919fab1a170fc9ce1042ef
55925,Coordonnateur éducatif au sein de la Maison de l'enfance de Bourail,,,25-0055,2025-01-16,Province Sud,assistant socio-éducatif,,Province Sud,PVS,,2025-05-22,,,https://data.gouv.nc/api/explore/v2.1/catalog/datasets/avis-de-vacances-de-poste-avp-drhfpnc/files/89fa0351050ce5df5d6287d6c7608843
54894,Développeur d'applications full stack - Chef projet informatique,,,24-1740,2024-11-14,Province Sud,ingénieur,,Province Sud,PVS,,2025-05-08,,,https://data.gouv.nc/api/explore/v2.1/catalog/datasets/avis-de-vacances-de-poste-avp-drhfpnc/files/d3d07ad25e02734c2b1d23dd070e6c63
56834,Administrateur systèmes et réseaux,"Administrateur réseau informatique, réseaux - télécoms",M1801-2,25-56834/MPRH,2025-04-03,Nouvelle-Calédonie,ingénieur,,Direction du numérique et de la modernisation,DINUM,Nouméa - Ouémo,2025-05-08,"La Direction du Numérique et de la Modernisation (DINUM) est chargée de définir et d'assurer la mise en œuvre de la politique de développement numérique du gouvernement de la Nouvelle-Calédonie en articulation avec la stratégie générale de la collectivité notamment en matière de transformation numérique de l'action publique, de simplification et de modernisation des services rendus grâce au numérique, de pilotage de la performance par le levier du numérique, de développement de l'économie numérique et de développement de l'innovation technologique. Elle vise également à développer des synergies avec les usagers internes, externes, et les entreprises. 

En définissant en 2024 sa doctrine d'utilisation de l'informatique en nuage au sein de l'administration de la Nouvelle-Calédonie, le gouvernement entend poser un cadre serein et de confiance pour encourager le développement d'une nouvelle génération de services numériques de qualité,  tout en protégeant au mieux les données des entreprises et des habitants de la Nouvelle-Calédonie.

Au-delà des technologies et des offres de services, c'est un changement de culture qui s'engage, afin que les équipes projets et les développeurs, mais aussi les utilisateurs, inscrivent les opportunités du cloud dans leurs pratiques professionnelles au quotidien.

Au sein de la DINUM, c'est la section réseau et datacenter (SRD) du service des infrastructures numériques (SIN) qui évolue pour prendre en charge la mise en œuvre des outils IAAS, PAAS, CAAS de la collectivité, opérer le cloud interne et piloter le cloud externe dédié.

L'administrateur systèmes et réseaux assure l'administration, la gestion et le maintien en condition opérationnelle et de sécurité des réseaux, des infrastructures et du système de sauvegarde. Il contribue à leur évolution et à leur amélioration en fonction du schéma directeur.",mathieu.hernandez@gouv.nc,https://data.gouv.nc/api/explore/v2.1/catalog/datasets/avis-de-vacances-de-poste-avp-drhfpnc/files/bdd88207d2be605df4633bca7d90c023
56833,Administrateur systèmes et réseaux,"Administrateur réseau informatique, réseaux - télécoms",M1801-2,25-56833/MPRH,2025-04-03,Nouvelle-Calédonie,ingénieur,,Direction du numérique et de la modernisation,DINUM,Nouméa - Ouémo,2025-05-15,"La Direction du Numérique et de la Modernisation (DINUM) est chargée de définir et d'assurer la mise en œuvre de la politique de développement numérique du gouvernement de la Nouvelle-Calédonie en articulation avec la stratégie générale de la collectivité notamment en matière de transformation numérique de l'action publique, de simplification et de modernisation des services rendus grâce au numérique, de pilotage de la performance par le levier du numérique, de développement de l'économie numérique et de développement de l'innovation technologique. Elle vise également à développer des synergies avec les usagers internes, externes, et les entreprises. 

En définissant en 2024 sa doctrine d'utilisation de l'informatique en nuage au sein de l'administration de la Nouvelle-Calédonie, le gouvernement entend poser un cadre serein et de confiance pour encourager le développement d'une nouvelle génération de services numériques de qualité,  tout en protégeant au mieux les données des entreprises et des habitants de la Nouvelle-Calédonie.

Au-delà des technologies et des offres de services, c'est un changement de culture qui s'engage, afin que les équipes projets et les développeurs, mais aussi les utilisateurs, inscrivent les opportunités du cloud dans leurs pratiques professionnelles au quotidien.

Au sein de la DINUM, c'est la section réseau et datacenter (SRD) du service des infrastructures numériques (SIN) qui évolue pour prendre en charge la mise en œuvre des outils IAAS, PAAS, CAAS de la collectivité, opérer le cloud interne et piloter le cloud externe dédié.

L'administrateur systèmes et réseaux assure l'administration, la gestion et le maintien en condition opérationnelle et de sécurité des réseaux, des infrastructures et du système de sauvegarde. Il contribue à leur évolution et à leur amélioration en fonction du schéma directeur.",mathieu.hernandez@gouv.nc,https://data.gouv.nc/api/explore/v2.1/catalog/datasets/avis-de-vacances-de-poste-avp-drhfpnc/files/7e17454768ed64660ac591fbab33a51c
56892,Chargé(e) d'études en santé environnementale sur la thématique assainissement,"Chargé d'études (agricoles, économiques en agriculture, en développement agricole, en développement rural, environnement)",A1303-4,25-56892/MPRH,2025-04-17,Nouvelle-Calédonie,ingénieur,,Direction des affaires sanitaires et sociales,DASS,Nouméa,2025-05-08,"La direction des Affaires sanitaires et sociales de la Nouvelle-Calédonie (DASS NC) est une des directions techniques du gouvernement de la Nouvelle-Calédonie. Elle est responsable de la mise en œuvre de la politique de la Nouvelle-Calédonie en matière de santé et de protection sociale. 
Au sein de la DASS, le service de santé publique est chargé de la connaissance et des études relatives à la situation sanitaire, de la veille et de la surveillance, et de l'amélioration de la santé des calédoniens. 
Les thématiques de santé environnementale sont étudiées plus précisément afin d'évaluer les aspects de la santé humaine qui sont déterminés par notre environnement. 
A ce titre, la DASS participe à la Mission Interservices de l'Eau (Mise) organisée pour mettre en œuvre les actions du schéma d'orientation de la Politique de l'Eau Partagée (PEP).

Dans le cadre de la PEP, six grandes priorités se sont dégagées des phases de concertation avec les acteurs de l'eau sur la base de l'ensemble des éléments de diagnostic recueillis. Elles ont été retenues pour constituer les six piliers sur lesquels va reposer le plan d'action. Un de ces piliers est l'objectif stratégique n°4 (OS4) ""plan 2045 Zér'Eau pollution"" qui traite de l'assainissement et des pollutions de l'eau et qui décline les actions à mettre en œuvre pour s'orienter vers le zéro-rejet d'eau non traitée à l'échéance 2045 (https://eau.nc/sites/default/files/documents/os4.pdf) pour lequel les résultats attendus sont : 
- diminuer les rejets d'eaux usées
- réutiliser les eaux usées traitées et eaux pluviales
- améliorer les performances des ouvrages d'assainissement
- concrétiser le dispositif SPANC (schéma public d'assainissement en Nouvelle-Calédonie)
- assurer le financement de l'assainissement
- définir le cadre réglementaire associé
L'ensemble de ces actions ont pour objectif de participer à la fois à la protection de la santé publique mais également de l'environnement. 
La mission sur la thématique assainissement se poursuit, la DASS souhaite renouveler le recrutement d'un ingénieur assainissement. 
Le poste est cofinancé par l'Office français de la biodiversité (OFB).",direction.dass@gouv.nc,https://data.gouv.nc/api/explore/v2.1/catalog/datasets/avis-de-vacances-de-poste-avp-drhfpnc/files/7a4cdd677bd520a405ab5d39eb1579fd
51814,Concepteur-développeur HRAccess,"Développeur (application, informatique, multimédia, web)",M1805-6,24-51814/MPRH,2024-06-04,Nouvelle-Calédonie,ingénieur,2024-06-07,Direction du numérique et de la modernisation,DINUM,Nouméa,2025-05-15,"Le concepteur-développeur conçoit et réalise des programmes informatiques selon les règles de l'art, sur la base d'un partenariat productif avec les MOA (maîtres d'ouvrage) et sous la responsabilité d'un chef de projet.
Il en assume la responsabilité technique et opérationnelle dans le respect du budget et des délais. Il assure la maintenance pour les applications en production.",georges.wapae@gouv.nc,https://data.gouv.nc/api/explore/v2.1/catalog/datasets/avis-de-vacances-de-poste-avp-drhfpnc/files/ccb0f6af02037a7aff687ebcd3ae4b32
57583,8 Maîtres-nageurs sauveteurs,,,25-0638,2025-04-24,,éducateur des APS,,,,,2025-05-15,,,https://data.gouv.nc/api/explore/v2.1/catalog/datasets/avis-de-vacances-de-poste-avp-drhfpnc/files/f6a85644e3c55b19610c305b282e51d1
57576,Médiateur culturel,,,25-0631,2025-04-24,,assistant de conservation,,,,,2025-05-15,,,https://data.gouv.nc/api/explore/v2.1/catalog/datasets/avis-de-vacances-de-poste-avp-drhfpnc/files/bce7a4bb0715337165a69aee483ba9cc
57340,GESTIONNAIRE RH,,,25-0555,2025-04-10,,rédacteur,,,,,2025-05-01,,,https://data.gouv.nc/api/explore/v2.1/catalog/datasets/avis-de-vacances-de-poste-avp-drhfpnc/files/c245aa69130330f167eeb3967d83add0
57337,GESTIONNAIRE COMPTABLE,,,25-0553,2025-04-10,,rédacteur,,,,,2025-05-01,,,https://data.gouv.nc/api/explore/v2.1/catalog/datasets/avis-de-vacances-de-poste-avp-drhfpnc/files/29a29a0f4d466b4d5860ca983929513c
57339,"CHEF DE SERVICE COMMUNICATION, ADMINISTRATIF ET RH",,,25-0554,2025-04-10,,rédacteur,,,,,2025-05-01,,,https://data.gouv.nc/api/explore/v2.1/catalog/datasets/avis-de-vacances-de-poste-avp-drhfpnc/files/ca16ab8ac11fd81135ac42ace1897930
57577,Directeur administratif et financier,,,25-0632,2025-04-24,,attaché d'administration générale,,,,,2025-05-15,,,https://data.gouv.nc/api/explore/v2.1/catalog/datasets/avis-de-vacances-de-poste-avp-drhfpnc/files/b02c8d9aaeb6263859c54c3d7674c339
57214,1 chef de projets culturels,,,25-0502,2025-04-03,,rédacteur d'administration générale,,,,,2025-05-08,,,https://data.gouv.nc/api/explore/v2.1/catalog/datasets/avis-de-vacances-de-poste-avp-drhfpnc/files/0292601b55ff7121e72fcdcef508c6d9
57473,1 Chef de section personnel des écoles,,,25-0611,2025-04-17,,rédacteur d'administration générale,,,,,2025-05-08,,,https://data.gouv.nc/api/explore/v2.1/catalog/datasets/avis-de-vacances-de-poste-avp-drhfpnc/files/a85f51fea99ef9440f66699e840ed6ad
57370,1 chargé(e) d'accueil et de secrétariat,,,25-0577,2025-04-10,,adjoint administratif,,,,,2025-05-01,,,https://data.gouv.nc/api/explore/v2.1/catalog/datasets/avis-de-vacances-de-poste-avp-drhfpnc/files/3773ce54966a8c3cbf8dee8ca92d50f1
57612,1 Chargé(e) d'action et/ou Chargé(e) d'intervention sociale,,,25-0652,2025-04-24,,moniteur socio-éducatif,,,,,2025-05-15,,,https://data.gouv.nc/api/explore/v2.1/catalog/datasets/avis-de-vacances-de-poste-avp-drhfpnc/files/0a7987b61ce8d6703f3a291c9600d453
57343,CHEF DE SERVICE TECHNIQUE,,,25-0558,2025-04-10,,ingénieur,,,,,2025-05-01,,,https://data.gouv.nc/api/explore/v2.1/catalog/datasets/avis-de-vacances-de-poste-avp-drhfpnc/files/3b9f67d6533eae31a56837d2d18979bd
57020,1 développeur,,,25-0445,2025-03-20,,ingénieur,,,,,2025-05-01,,,https://data.gouv.nc/api/explore/v2.1/catalog/datasets/avis-de-vacances-de-poste-avp-drhfpnc/files/8c45132a6972f2b92558ed910f6b0ba1
57348,GESTIONNAIRE PATRIMOINE,,,25-0604,2025-04-10,,technicien,,,,,2025-05-01,,,https://data.gouv.nc/api/explore/v2.1/catalog/datasets/avis-de-vacances-de-poste-avp-drhfpnc/files/069f34442325dfb2b619c929a32ccbdd
57414,RESPONSABLE DES SYSTÈMES D'INFORMATION,,,25-0607,2025-04-10,,technicien,,,,,2025-05-01,,,https://data.gouv.nc/api/explore/v2.1/catalog/datasets/avis-de-vacances-de-poste-avp-drhfpnc/files/a9387b03c2a77582e249d46abe227a5d
57415,SUPERVISEUR,,,25-0563,2025-04-10,,technicien adjoint,,,,,2025-05-01,,,https://data.gouv.nc/api/explore/v2.1/catalog/datasets/avis-de-vacances-de-poste-avp-drhfpnc/files/363f4380b2b3a9509e71c960e15203e8
56675,Médecin de santé publique,,,25-0357,2025-02-27,Agence sanitaire et sociale,médecin de santé publique,,Agence sanitaire et sociale,ASS-NC,,2025-05-01,,,https://data.gouv.nc/api/explore/v2.1/catalog/datasets/avis-de-vacances-de-poste-avp-drhfpnc/files/475ff2b1e38a853215e4e8b84f311d2b
57474,1 coordonnateur - programme santé orale,,,25-0612,2025-04-17,Agence sanitaire et sociale,rédacteur,,Agence sanitaire et sociale,ASS-NC,,2025-05-08,,,https://data.gouv.nc/api/explore/v2.1/catalog/datasets/avis-de-vacances-de-poste-avp-drhfpnc/files/ff5b8585df6504d2e17df1ab6c7d0fb4
57373,Gestionnaire comptable et de la paie,,,25-0580,2025-04-10,Bibliothèque Bernheim,rédacteur,,Bibliothèque Bernheim,BBernheim,,2025-05-01,,,https://data.gouv.nc/api/explore/v2.1/catalog/datasets/avis-de-vacances-de-poste-avp-drhfpnc/files/b9da59d1f77984d262c1f95787e543a0
57394,Agent d'accueil-saisie,,,25-0586,2025-04-10,CAP Emploi,adjoint administratif,,CAP Emploi,CAP Emploi,,2025-05-01,,,https://data.gouv.nc/api/explore/v2.1/catalog/datasets/avis-de-vacances-de-poste-avp-drhfpnc/files/38d05f1ba0b7d72966910660ea343601
57579,04 SAGES FEMMES,,,25-0634,2025-04-24,Centre hospitalier du Nord,sage femme,,Centre hospitalier du Nord,CHN,,2025-05-15,,,https://data.gouv.nc/api/explore/v2.1/catalog/datasets/avis-de-vacances-de-poste-avp-drhfpnc/files/d8f31788f374990d4ff76e0208cc3449
57253,1 Directeur technique et du biomédical,,,25-0540,2025-04-03,"Centre hospitalier territorial ""Gaston Bourret""",emploi fonctionnel,,"Centre hospitalier territorial ""Gaston Bourret""",CHT,,2025-05-08,,,https://data.gouv.nc/api/explore/v2.1/catalog/datasets/avis-de-vacances-de-poste-avp-drhfpnc/files/2412cd41c554da6a2deec45ca7004cd8
57616,1 Technicien supérieur domotique,,,25-0656,2025-04-24,"Centre hospitalier territorial ""Gaston Bourret""",technicien,,"Centre hospitalier territorial ""Gaston Bourret""",CHT,,2025-05-15,,,https://data.gouv.nc/api/explore/v2.1/catalog/datasets/avis-de-vacances-de-poste-avp-drhfpnc/files/40f57060f56a612c5c98b815199d8dca
57617,Chef du bureau logistique,,,25-0657,2025-04-24,Direction de l'aviation civile,technicien,,Direction de l'aviation civile,DAC,,2025-05-15,,,https://data.gouv.nc/api/explore/v2.1/catalog/datasets/avis-de-vacances-de-poste-avp-drhfpnc/files/a39fe7962c5e544f65973ec6e34fcc91
57483,Ouvrier polyvalent section Tontouta,,,25-0621,2025-04-17,Direction de l'aviation civile,technicien adjoint,,Direction de l'aviation civile,DAC,,2025-05-08,,,https://data.gouv.nc/api/explore/v2.1/catalog/datasets/avis-de-vacances-de-poste-avp-drhfpnc/files/4f75706d06547140d927d499f8ae336c
